<?xml version="1.0" encoding="UTF-8" ?>
<module>
	<name>sn</name>
	<displayName><![CDATA[sn Payment Modlue]]></displayName>
	<version><![CDATA[1.1]]></version>
	<description><![CDATA[Online Payment With sn]]></description>
	<author><![CDATA[sn]]></author>
	<tab><![CDATA[payments_gateways]]></tab>
	<confirmUninstall><![CDATA[Are you sure you want to delete your details?]]></confirmUninstall>
	<is_configurable>1</is_configurable>
	<need_instance>1</need_instance>
	<limited_countries></limited_countries>
</module>